0,https://images.unsplash.com/photo-1602524211687-aa9104ac4a2e?ixid=MXwxMjA3fDF8MHxlZGl0b3JpYWwtZmVlZHwxfHx8ZW58MHx8fA%3D%3D&ixlib=rb-1.2.1&w=1000&q=80,5
1,https://images.unsplash.com/photo-1610057098265-05f2bcbedd55?ixid=MXwxMjA3fDB8MHxlZGl0b3JpYWwtZmVlZHwzfHx8ZW58MHx8fA%3D%3D&ixlib=rb-1.2.1&w=1000&q=80,6
2,https://images.unsplash.com/photo-1610124047877-cb6df4e5ffcf?ixid=MXwxMjA3fDB8MHxlZGl0b3JpYWwtZmVlZHw1fHx8ZW58MHx8fA%3D%3D&ixlib=rb-1.2.1&w=1000&q=80,7
3,https://images.unsplash.com/photo-1610143893184-9587679b3051?ixid=MXwxMjA3fDB8MHxlZGl0b3JpYWwtZmVlZHwyfHx8ZW58MHx8fA%3D%3D&ixlib=rb-1.2.1&w=1000&q=80,8
4,https://images.unsplash.com/photo-1610141095372-c7852c3e1844?ixid=MXwxMjA3fDB8MHxlZGl0b3JpYWwtZmVlZHw0fHx8ZW58MHx8fA%3D%3D&ixlib=rb-1.2.1&w=1000&q=80,9
5,https://images.unsplash.com/photo-1610121866634-3b7fa10ffe8c?ixid=MXwxMjA3fDB8MHxlZGl0b3JpYWwtZmVlZHw3fHx8ZW58MHx8fA%3D%3D&ixlib=rb-1.2.1&w=1000&q=80,10
6,https://images.unsplash.com/photo-1602524811122-b3aea0e2c0ee?ixid=MXwxMjA3fDF8MHxlZGl0b3JpYWwtZmVlZHw5fHx8ZW58MHx8fA%3D%3D&ixlib=rb-1.2.1&w=1000&q=80,11
7,https://images.unsplash.com/photo-1610065872638-a4f682c6e580?ixid=MXwxMjA3fDB8MHxlZGl0b3JpYWwtZmVlZHwxMXx8fGVufDB8fHw%3D&ixlib=rb-1.2.1&w=1000&q=80,12
8,https://images.unsplash.com/photo-1610123172763-1f587473048f?ixid=MXwxMjA3fDB8MHxlZGl0b3JpYWwtZmVlZHw2fHx8ZW58MHx8fA%3D%3D&ixlib=rb-1.2.1&w=1000&q=80,13
9,https://images.unsplash.com/photo-1610132366634-106771f8cc90?ixid=MXwxMjA3fDB8MHxlZGl0b3JpYWwtZmVlZHw4fHx8ZW58MHx8fA%3D%3D&ixlib=rb-1.2.1&w=1000&q=80,14
10,https://images.unsplash.com/photo-1610112839736-c9bddb0d98c8?ixid=MXwxMjA3fDB8MHxlZGl0b3JpYWwtZmVlZHwxMHx8fGVufDB8fHw%3D&ixlib=rb-1.2.1&w=1000&q=80,15
